name,symbol,market_cap
Bitcoin,BTC,2035926335415
Ethereum,ETH,413587098559
Tether,USDT,183989760382
XRP,XRP,144354939211
BNB,BNB,131559406652
Solana,SOL,84858253316
USDC,USDC,76057745981
Lido Staked Ether,STETH,29569374713
TRON,TRX,27916306035
Dogecoin,DOGE,25963120546
Cardano,ADA,20201889723
Figure Heloc,FIGR_HELOC,13785478487
Wrapped stETH,WSTETH,13665422525
Wrapped Bitcoin,WBTC,12917490857
Wrapped Beacon ETH,WBETH,12117117234
WhiteBIT Coin,WBT,11730417023
Chainlink,LINK,10647780100
Hyperliquid,HYPE,10476131197
Bitcoin Cash,BCH,10314340359
USDS,USDS,9236182308
Stellar,XLM,9003375054
Binance Bridged USDT (BNB Smart Chain),BSC-USD,8978083302
Wrapped eETH,WEETH,8960304042
Zcash,ZEC,8563149709
LEO Token,LEO,8425941284
WETH,WETH,8373578500
Ethena USDe,USDE,8279883172
Litecoin,LTC,7546229640
Coinbase Wrapped BTC,CBBTC,7479871590
Hedera,HBAR,7471745973
Sui,SUI,7309684570
Avalanche,AVAX,7286780278
Monero,XMR,7242792642
Shiba Inu,SHIB,5657867310
Toncoin,TON,5019126120
Uniswap,UNI,4861281223
Polkadot,DOT,4819295358
Canton,CC,4726055316
Dai,DAI,4555814077
Ethena Staked USDe,SUSDE,4552283085
Cronos,CRO,4536796725
MemeCore,M,4179682958
Mantle,MNT,4138135419
World Liberty Financial,WLFI,3954298928
USDT0,USDT0,3882949887
sUSDS,SUSDS,3752611695
Internet Computer,ICP,3439339206
Bittensor,TAO,3380700993
PayPal USD,PYUSD,3316760991
NEAR Protocol,NEAR,3237045476
Aave,AAVE,3143492672
Bitget Token,BGB,2850952643
USD1,USD1,2846944204
OKB,OKB,2614083281
Currency One USD,C1USD,2550254072
BlackRock USD Institutional Digital Liquidity Fund,BUIDL,2524012248
Pepe,PEPE,2426521916
Ethereum Classic,ETC,2377973213
Pump.fun,PUMP,2358686931
Ethena,ENA,2309754416
Aster,ASTER,2258694248
Aptos,APT,2229373526
Jito Staked SOL,JITOSOL,2185405132
Tether Gold,XAUT,2177184563
Falcon USD,USDF,2110605558
Binance-Peg WETH,WETH,2074789292
Jupiter Perpetuals Liquidity Provider Token,JLP,2051571328
Ondo,ONDO,2035519960
Wrapped SOL,SOL,1981795312
Pi Network,PI,1879063473
POL (ex-MATIC),POL,1801961463
Worldcoin,WLD,1756340436
HTX DAO,HTX,1682120350
KuCoin,KCS,1679368904
Provenance Blockchain,HASH,1661888701
Filecoin,FIL,1560623235
USDtb,USDTB,1533011414
Algorand,ALGO,1529255546
Official Trump,TRUMP,1512763980
Rocket Pool ETH,RETH,1497344743
Arbitrum,ARB,1442949416
VeChain,VET,1432088961
Binance Staked SOL,BNSOL,1409956823
Cosmos Hub,ATOM,1395452333
PAX Gold,PAXG,1391603289
Gate,GT,1374511042
Sky,SKY,1351049033
Kaspa,KAS,1347814202
syrupUSDT,SYRUPUSDT,1332596628
BFUSD,BFUSD,1319529021
Kinetiq Staked HYPE,KHYPE,1306515788
Binance Bridged USDC (BNB Smart Chain),USDC,1288683213
Wrapped BNB,WBNB,1275834222
Kelp DAO Restaked ETH,RSETH,1233849956
Story,IP,1229683438
Function FBTC,FBTC,1224577221
syrupUSDC,SYRUPUSDC,1223465115
Render,RENDER,1209451645
Flare,FLR,1206228239
Lombard Staked BTC,LBTC,1201335920
Quant,QNT,1198280232
Liquid Staked ETH,LSETH,1158048578
Sei,SEI,1095777298
Jupiter,JUP,1081060024
NEXO,NEXO,1080755432
Ripple USD,RLUSD,1075003588
Morpho,MORPHO,1069768292
Global Dollar,USDG,1056066672
Renzo Restaked ETH,EZETH,1045814275
Solv Protocol BTC,SOLVBTC,1026831067
Circle USYC,USYC,1014509713
XDC Network,XDC,1013262909
Bonk,BONK,1003335903
First Digital USD,FDUSD,978800346
Pudgy Penguins,PENGU,907596337
Aerodrome Finance,AERO,894206228
Fasttoken,FTN,864268257
Mantle Staked Ether,METH,855769042
Dash,DASH,843623091
PancakeSwap,CAKE,841727302
Virtuals Protocol,VIRTUAL,840501296
Arbitrum Bridged WBTC (Arbitrum One),WBTC,829093009
Immutable,IMX,828230937
Artificial Superintelligence Alliance,FET,817373388
Superstate Short Duration U.S. Government Securities Fund (USTB),USTB,811653834
Rain,RAIN,789753691
clBTC,CLBTC,785799616
OUSG,OUSG,783565286
Celestia,TIA,769762728
Optimism,OP,767265410
Stacks,STX,733862596
Jupiter Staked SOL,JUPSOL,728447155
Injective,INJ,726129040
Lido DAO,LDO,716827958
StakeWise Staked ETH,OSETH,696977511
Ondo US Dollar Yield,USDY,689971875
The Graph,GRT,670950165
cgETH Hashkey Cloud,CGETH.HASHKEY,656753748
Curve DAO,CRV,648072019
Tezos,XTZ,626326680
Starknet,STRK,623657970
Beldex,BDX,618279459
L2 Standard Bridged WETH (Base),WETH,618004306
SPX6900,SPX,611094229
tBTC,TBTC,605715103
Polygon PoS Bridged DAI (Polygon POS),DAI,594778717
Decred,DCR,588442730
SOON,SOON,587800829
IOTA,IOTA,586009551
DoubleZero,2Z,581191232
USDai,USDAI,581006572
Polygon Bridged USDC (Polygon PoS),USDC.E,580059469
Pyth Network,PYTH,577662493
Marinade Staked SOL,MSOL,574366958
Kaia,KAIA,573165890
FLOKI,FLOKI,572574170
Arbitrum Bridged WETH (Arbitrum One),WETH,559007296
AB,AB,552906167
Usual USD,USD0,545944142
Sonic,S,537850293
Ether.fi,ETHFI,532844950
Ether.Fi Liquid ETH,LIQUIDETH,532454914
Ethereum Name Service,ENS,530417042
GTETH,GTETH,528815442
Stader ETHx,ETHX,528417586
The Sandbox,SAND,515165472
Mantle Bridged USDT (Mantle),USDT,508602695
Maple Finance,SYRUP,502634882
Trust Wallet,TWT,498822883
Plasma,XPL,496136467
Conflux,CFX,496062416
TrueUSD,TUSD,492913699
MYX Finance,MYX,477967022
Bitcoin SV,BSV,471311885
Steakhouse USDC Morpho Vault,STEAKUSDC,463515706
Coinbase Wrapped Staked ETH,CBETH,462839404
ether.fi Staked ETH,EETH,462813031
BitTorrent,BTT,461715041
Telcoin,TEL,459254246
Swell Ethereum,SWETH,455092516
GALA,GALA,452947830
dogwifhat,WIF,451886767
sBTC,SBTC,451172344
Theta Network,THETA,450564976
JasmyCoin,JASMY,449462341
Helium,HNT,439015051
Binance-Peg Dogecoin,DOGE,438920052
Flow,FLOW,438823125
GHO,GHO,437806420
Pendle,PENDLE,436469529
Avalanche Bridged BTC (Avalanche),BTC.B,433331288
Vaulta,A,430709793
BENQI Liquid Staked AVAX,SAVAX,430522450
Decentraland,MANA,426244249
Sun Token,SUN,425673010
Spiko EU T-Bills Money Market Fund,EUTBL,417313620
Raydium,RAY,412228478
USDB,USDB,408507728
Wrapped HYPE,WHYPE,403722206
USDD,USDD,400001746
AINFT,NFT,395263274
Merlin Chain,MERL,391514930
MimbleWimbleCoin,MWC,383929067
Arbitrum Bridged Wrapped eETH (Arbitrum),WEETH,380418608
Aethir,ATH,375853175
Polygon PoS Bridged WETH (Polygon POS),WETH,370836573
Concordium,CCD,368689498
JUST,JST,362946147
Aster Staked BNB,ASBNB,359176359
Ape and Pepe,APEPE,356783904
ZKsync,ZK,356675941
NEO,NEO,353721566
DeXe,DEXE,350937969
Frax Ether,FRXETH,344470467
Olympus,OHM,343405662
ApeCoin,APE,342393032
Mantle Restaked ETH,CMETH,340831197
Ribbita by Virtuals,TIBBIR,339324980
Unit Bitcoin,UBTC,335071514
Walrus,WAL,334647575
Lorenzo Wrapped Bitcoin,ENZOBTC,333832849
Chiliz,CHZ,329220668
EigenCloud (prev. EigenLayer),EIGEN,325317517
Kinesis Gold,KAU,322836680
Arweave,AR,322243745
Compound,COMP,321364562
OriginTrail,TRAC,320474183
Gnosis,GNO,320165099
Kinetiq Earn Vault,VKHYPE,319337827
SwissBorg,BORG,318890880
Zebec Network,ZBCN,315686931
Binance-Peg BUSD,BUSD,312246494
Falcon Finance,FF,309881200
Vision,VSN,309190350
Humanity,H,304825356
Fluid,FLUID,302641519
Wormhole,W,300645312
Zora,ZORA,299789107
Basic Attention,BAT,297985436
EURC,EURC,296980857
Satoshi Stablecoin,SATUSD,296703911
1INCH,1INCH,293856607
Jito,JTO,289572070
Ethena Staked ENA,SENA,287787225
ETHPlus,ETH+,285491196
Legacy Frax Dollar,FRAX,284865658
eCash,XEC,284647592
Treehouse ETH,TETH,282278293
Mantle Bridged WETH (Mantle),WETH,282047731
Fartcoin,FARTCOIN,281894725
0G,0G,279220357
Moca Network,MOCA,278986786
USX,USX,278491431
THORChain,RUNE,273554434
Synthetix,SNX,271087633
crvUSD,CRVUSD,269813375
MultiversX,EGLD,267697285
Loaded Lions,LION,263954974
Drift Staked SOL,DSOL,262311167
Reserve Rights,RSR,261184066
WEMIX,WEMIX,254955490
Polygon Bridged WBTC (Polygon POS),WBTC,254154862
dYdX,DYDX,249021077
Cheems Token,CHEEMS,247541706
Savings Dai,SDAI,245398742
Noble USDC,USDC.N,244578473
Undeads Games,UDS,244192548
Resolv USR,USR,240467139
Wrapped AVAX,WAVAX,240373729
Zano,ZANO,237744256
Onyxcoin,XCN,236838836
Staked Frax Ether,SFRXETH,235449248
Fidelity Digital Interest Token,FDIT,235380681
Bybit Staked SOL,BBSOL,234921639
Horizen,ZEN,234571487
AtomOne,ATONE,233100164
Livepeer,LPT,231617936
cWBTC,CWBTC,231226398
Golem,GLM,230441931
Railgun,RAIL,224479157
Blockchain Capital,BCAP,224334116
Axie Infinity,AXS,222022629
Meteora,MET,221396745
USDa,USDA,220963004
OpenEden OpenDollar,USDO,220867459
Beam,BEAM,218682822
Brett,BRETT,217330973
Amp,AMP,217238417
Berachain,BERA,210543901
Solv Protocol Staked BTC,XSOLVBTC,209187048
Linea,LINEA,208773858
Core,CORE,207762195
Toshi,TOSHI,207485322
KAITO,KAITO,206846602
Creditcoin,CTC,204502203
SuperVerse,SUPER,204181390
Cap USD,CUSD,202891441
Resolv wstUSR,WSTUSR,202544308
Midas msyrupUSDp,MSYRUPUSDP,202215326
Ronin,RON,199259034
Kinesis Silver,KAG,198936669
Compounding OpenDollar,CUSDO,198693605
AIOZ Network,AIOZ,198100324
Qtum,QTUM,196720809
Kamino,KMNO,195856422
MX,MX,195830382
BTSE Token,BTSE,195092948
RealLink,REAL,193706562
Legacy Token,LGCT,192538738
Kusama,KSM,190581862
Universal BTC,UNIBTC,190266930
Tradable NA Rent Financing Platform SSTN,PC0000031,189500000
Kraken Wrapped BTC,KBTC,189015836
Terra Luna Classic,LUNC,188776528
Mina Protocol,MINA,187591967
Lombard,BARD,187128062
Sahara AI,SAHARA,185713345
StandX DUSD,DUSD,185635688
SoSoValue,SOSO,183940274
Ecoreal Estate,ECOREAL,183623514
Nano,XNO,180225617
Cronos Bridged USDC (Cronos),USDC,178755780
0x Protocol,ZRX,178501593
Sky Coin,XSO,177862561
ChainOpera AI,COAI,175479347
Slash Vision Labs,SVL,175349140
Four,FORM,174963057
Prom,PROM,174844971
Akash Network,AKT,173447426
SafePal,SFP,172147413
LayerZero,ZRO,172044209
AI Companions,AIC,171691577
EOS,EOS,171188097
DigiByte,DGB,170440619
BitMart,BMX,169504096
Origin Ether,OETH,169439714
Binance-Peg SOL,SOL,168531963
Axelar,AXL,168380009
币安人生 (BinanceLife),币安人生,167760775
Useless Coin,USELESS,167130157
Theta Fuel,TFUEL,166972938
Arkham,ARKM,166661426
Convex Finance,CVX,166028181
Aster USDF,USDF,165093520
Giggle Fund,GIGGLE,164573232
Keeta,KTA,164080452
yearn.finance,YFI,163894282
Movement,MOVE,163673047
Rekt,REKT,163365400
Dog (Bitcoin),DOG,163059777
DeepBook,DEEP,162968567
KOGE,KOGE,161796902
Nexus Mutual,NXM,160117174
BUILDon,B,159022471
Gas,GAS,158829233
Ravencoin,RVN,158525282
Non-Playable Coin,NPC,157712011
DeAgentAI,AIA,157381282
InfiniFi USD,IUSD,155353084
Midas mF-ONE,MF-ONE,155109195
Tokenize Xchange,TKX,154544559
Kava,KAVA,153487610
Kite,KITE,152922591
Nervos Network,CKB,152388529
StarkGate Bridged USDC (Starknet),USDC,152330181
UCHAIN,UCN,152232407
Shuffle,SHFL,151789717
Oasis,ROSE,151350384
GUSD,GUSD,149722302
Plume,PLUME,149497392
Mog Coin,MOG,148276893
Staked USDai,SUSDAI,148133535
Ether.fi Staked BTC,EBTC,147859961
Polygon Bridged weETH (Katana),WEETH,147635854
Conscious Token,CONSCIOUS,146872579
Minidoge,MINIDOGE,146238291
ALEO,ALEO,146215678
Flare Bridged XRP (Flare),FXRP,145567868
Spiko US T-Bills Money Market Fund,USTBL,145152886
GoMining Token,GOMINING,144403549
Super OETH,SUPEROETH,144359909
Phantom Staked SOL,PSOL,144189673
Snek,SNEK,143725422
Zilliqa,ZIL,143478980
STASIS EURO,EURS,142823092
Baby Doge Coin,BABYDOGE,141829896
Wrapped Aave Ethereum USDC,WAETHUSDC,141463681
River,RIVER,140257709
MetaDAO,META,139565032
MAG7.ssi,MAG7.SSI,139483679
Theo Short Duration US Treasury Fund,THBILL,139044253
Grass,GRASS,138902313
Ultima,ULTIMA,138380005
AUSD,AUSD,137300723
YieldFi yToken,YUSD,136221079
Turbo,TURBO,135185485
cat in a dogs world,MEW,135097045
Stargate Finance,STG,134130644
Venom,VENOM,133863051
Safe,SAFE,132882388
Crypto.com Staked ETH,CDCETH,132732265
Threshold Network,T,132672400
Celo,CELO,132661671
Bedrock BTC,BRBTC,132265251
AgentFun.AI,AGENTFUN,132120806
Saros,SAROS,131776469
Apollo Diversified Credit Securitize Fund,ACRED,131630896
Melania Meme,MELANIA,131491548
Pirate Chain,ARRR,130114839
Drift Protocol,DRIFT,129899560
WeFi,WFI,128908629
Avantis,AVNT,128381270
Bio Protocol,BIO,128276498
CoinEx,CET,127981581
Infrared Bera,IBERA,127962804
Unit Pump,UPUMP,127616657
KUB Coin,KUB,127001288
Popcat,POPCAT,126497433
DOLA,DOLA,125246190
Velo,VELO,124179507
Astar,ASTR,122927282
XPR Network,XPR,121655170
Sui Bridged WBTC (Sui),WBTC,121582337
Wrapped Aave Ethereum USDT,WAETHUSDT,121479153
AWE Network,AWE,120370269
Wrapped Aave Ethereum WETH,WAETHWETH,120111054
Rollbit Coin,RLB,118843862
Ozone Chain,OZO,118545762
Qubic,QUBIC,118439184
Metal Blockchain,METAL,117983625
Chia,XCH,117613034
ZetaChain,ZETA,117560784
Blur,BLUR,116412674
Quantum Resistant Ledger,QRL,114821789
Gaib AI Dollar Alpha USDC,AIDAUSDC,114744142
Recall,RECALL,114478728
Anzen USDz,USDZ,113822363
cETH,CETH,113417227
TDCCP,TDCCP,113295764
VeThor,VTHO,112965349
Unibase,UB,112818950
Peanut the Squirrel,PNUT,112312642
Avalanche Bridged WETH (Avalanche),WETH,111125900
Frax USD,FRXUSD,110908210
Siacoin,SC,110651346
Moonwell Flagship ETH (Morpho Vault),MWETH,110163805
Holo,HOT,110130988
Verge,XVG,110117729
Alchemist AI,ALCH,109438471
ZIGChain,ZIG,109177021
VVS Finance,VVS,108583572
CoW Protocol,COW,108049196
Midas mHYPER,MHYPER,107430141
Ostrich,RICH,106881641
USDA,USDA,106731504
Succinct,PROVE,106623679
MANTRA,OM,105600923
Verus,VRSC,105154172
aelf,ELF,105119152
APEX,APEX,104854708
Euler,EUL,104652364
Onchain Yield Coin,ONYC,104642668
Renzo Restaked LST,PZETH,104526767
Gems VIP,GEMS,103371714
Centrifuge,CFG,102394606
Casper Network,CSPR,101683335
SKALE,SKL,101615335
Polymesh,POLYX,101421687
Tradable Singapore Fintech SSL,PC0000023,100846154
IoTeX,IOTX,100398583
Ring USD,USDR,100323386
ORDI,ORDI,100091075
QL1 Bridged USDT (QL1),QUSDT,99974435
GMX,GMX,99699683
Omni Network [Old],OMNI,99406599
Savings xDAI,SDAI,98904284
Open Campus,EDU,98313900
ViciCoin,VCNT,97955646
DFDV Staked SOL,DFDVSOL,97666646
Frax (prev. FXS),FRAX,97612578
Babylon,BABY,97436236
VanEck Treasury Fund,VBILL,97179957
HashKey Platform Token,HSK,96842278
Chutes,SN64,96348823
Restaking Vault ETH,RSTETH,95715503
Ankr Network,ANKR,95596540
Resolv Liquidity Provider Token,RLP,95494645
Unit Plasma,UXPL,94994280
peaq,PEAQ,94775917
Request,REQ,94739391
deBridge,DBR,94709718
COTI,COTI,94631709
Mashida,MSHD,94148248
Wrapped Centrifuge,WCFG,94102564
CASH,CASH,94036515
Sushi,SUSHI,94028701
LCX,LCX,93724032
VaultBridge Bridged WBTC (Katana),VBWBTC,93471393
Helder,HLDR,93050569
Nexpace,NXPC,92719614
Swop,SWOP,92462464
MNEE USD Stablecoin,MNEE,91305571
Yala Stablecoin,YU,91249335
TempleDAO,TEMPLE,91067831
Moo Deng,MOODENG,90595536
RedStone,RED,90211523
Memecoin,MEME,90023938
Vana,VANA,89962106
Novem Pro,NVM,89787485
Anoma,XAN,89591211
Momentum,MMT,89447426
EthereumPoW,ETHW,89336338
Linea Bridged USDC (Linea),USDC,89098337
Stargate Bridged USDC,USDC.E,88411493
Cronos Bridged USDT (Cronos),USDT,88045818
World Mobile Token,WMTX,87982105
Illuvium,ILV,87634119
Numeraire,NMR,87288385
XYO Network,XYO,86895788
Api3,API3,86297333
UMA,UMA,86264441
Stargate Bridged WETH,WETH,85389611
ICON,ICX,85154695
BitDCA,BDCA,84611662
Sologenic,SOLO,84002876
BCGame Coin,BC,83505554
Orca,ORCA,83202095
Pleasing Gold,PGOLD,81382525
Lagrange,LA,80974862
Loopring,LRC,80651868
staked USD1+,SUSD1+,80528572
Harmony,ONE,79953322
PayFi Strategy Token USDC,PSTUSDC,79869698
Ore,ORE,79852171
Niza Global,NIZA,79647229
L2 Standard Bridged WETH (Optimism),WETH,79286392
Enjin Coin,ENJ,78862496
Mask Network,MASK,78717529
Apro,AT,78321574
AltLayer,ALT,77839223
Ontology,ONT,77803352
sUSDa,SUSDA,77425430
Pundi X,PUNDIX,77417641
pumpBTC,PUMPBTC,77133561
Osmosis,OSMO,76893859
f(x) Protocol fxUSD,FXUSD,76877863
GOHOME,GOHOME,76853004
Bridged Wrapped stETH (Gnosis),WSTETH,76733318
Gama Token,GAMA,76460695
Yield Guild Games,YGG,76298273
Paycoin,PCI,76209293
EUR CoinVertible,EURCV,76116788
Band,BAND,75910784
Amnis Aptos,AMAPT,75865448
Jelly-My-Jelly,JELLYJELLY,75670924
VaultBridge Bridged ETH (Katana),VBETH,75599619
Felix feUSD,FEUSD,75531560
Avant USD,AVUSD,75359398
Bridged Ether (StarkGate),ETH,74935844
Puff The Dragon,PUFF,74730615
Lucidum,LUCIC,74682823
Spark,SPK,74195946
Solar,SXP,74076004
Venus,XVS,73989638
Decentralized Social,DESO,73888270
tokenbot,CLANKER,73752415
COCA,COCA,73729403
Waves,WAVES,73575716
ElizaOS,ELIZAOS,73206315
Status,SNT,73182906
Constellation,DAG,72815896
sudeng,HIPPO,72609719
GMT,GMT,71474132
ONFA,OFT,71315299
Rocket Pool,RPL,71309890
Fulcrom,FUL,71179074
Notcoin,NOT,71015547
Tellor Tributes,TRB,70804332
Flux,FLUX,70767337
OG Fan Token,OG,70527731
Ridges AI,SN62,70436299
Metaplex,MPLX,70320642
Pleasing USD,PUSD,70161482
f(x) USD Saving,FXSAVE,69971632
io.net,IO,69938112
Magic Eden,ME,69412559
Portal to Bitcoin,PTB,69177198
Avant Staked USD,SAVUSD,68609592
USDX,USDX,68582141
Daku V2,DAKU,68355009
Restaked Swell ETH,RSWETH,67945206
FOLKS,FOLKS,67778225
Syndicate,SYND,67774412
Neiro,NEIRO,67645891
Arbitrum Bridged USDC (Arbitrum),USDC.E,67471716
Allora,ALLO,67415200
Geodnet,GEOD,65830476
Hyperbeat USDT,HBUSDT,65520841
BORA,BORA,65095353
Ventuals vHYPE,VHYPE,64806764
Matrixdock Gold,XAUM,64646013
BurnedFi,BURN,64449509
MBG By Multibank Group,MBG,64056974
Metis,METIS,63871156
BIM,BIM,63822368
OKZOO,AIOT,63781762
Janction,JCT,63436078
Ardor,ARDR,63313941
WOO,WOO,63257346
TAGGER,TAG,62881172
Lista DAO,LISTA,62847173
Optio,OPT,62636844
HOME,HOME,62474134
Bitlight,LIGHT,62174046
Binance-Peg ZEC,ZEC,61959581
IOST,IOST,61836930
Purr,PURR,61750209
Sui Bridged Ether (Sui),SBETH,61694362
BOOK OF MEME,BOME,61526005
StraitsX XUSD,XUSD,60887151
Tokenlon,LON,60789834
Chromia,CHR,60652198
MarsMi,MARSMI,60213193
Degen,DEGEN,60195851
Blast,BLAST,60192265
Celium,SN51,60160613
aixbt,AIXBT,60041991
Xertra,STRAX,60033590
ARK,ARK,60017949
Staked HYPE,STHYPE,59929107
iExec RLC,RLC,59814630
SQD,SQD,59648523
Entangle,NTGL,59579408
Terra,LUNA,59507457
Secret,SCRT,59486372
QuantixAI,QAI,59442182
Somnia,SOMI,59263581
Siren,SIREN,59125809
B3 (Base),B3,59025140
SEDA,SEDA,58975616
OpenLedger,OPEN,58835501
Hive,HIVE,58722484
Tornado Cash,TORN,58572972
ConstitutionDAO,PEOPLE,58393664
Biconomy,BICO,58349229
Solv Protocol SolvBTC Jupiter,SOLVBTC.JUP,58336627
Energy Web,EWT,58074076
Coreum,COREUM,58026620
Bancor Network,BNT,57727347
Pax Dollar,USDP,57693783
Alchemy Pay,ACH,57623215
Orbs,ORBS,57370566
Stronghold,SHX,56886499
Yooldo Games,ESPORTS,56752865
Ronin Bridged WETH (Ronin),WETH,56500074
Big Time,BIGTIME,56295207
Comedian,BAN,56287977
Zedxion,ZEDXION,56064880
Powerledger,POWR,55890548
Lisk,LSK,55885038
Dialectic USD Vault,DUSD,55585480
Bridged Tether (opBNB),USDT,55567888
Magic Internet Money (Ethereum),MIM,55417808
DIA,DIA,55393644
BUSD,BUSD,54929204
Ocean Protocol,OCEAN,54819844
WorldAssets,INC,54809440
aura,AURA,54763492
Sui Bridged USDT (Sui),SBUSDT,54365242
VNDC,VNDC,54326727
Swarm Network,TRUTH,54263909
Definitive,EDGE,54257745
Delysium,AGI,54153942
SWFTCOIN,SWFTC,54132271
Orderly,ORDER,53877876
4,4,53713793
Bonfida,FIDA,53596696
Spell,SPELL,53487029
MVL,MVL,53419022
NKYC Token,NKYC,53418823
Aevo,AEVO,53388329
Avici,AVICI,52945685
Escoin,ELG,52934399
IQ,IQ,52825344
OVERTAKE,TAKE,52805126
ai16z,AI16Z,52739353
Anvil,ANVL,52425812
Mezo Wrapped BTC,BTC,52397884
CARV,CARV,52395843
Firo,FIRO,51994804
Sign,SIGN,51903232
Songbird,SGB,51876381
Kelp Gain,AGETH,51871329
Audiera,BEAT,51810028
Whiteheart,WHITE,51570842
Cronos Bridged WBTC (Cronos),WBTC,51530293
XPIN Network,XPIN,51480334
Audius,AUDIO,51465989
ECOMI,OMI,51310014
Balancer,BAL,51292735
Clearpool,CPOOL,51263406
Resupply USD,REUSD,51243925
Hivemapper,HONEY,51180178
Kyber Network Crystal,KNC,50895986
aPriori,APR,50693834
Sapien,SAPIEN,50168065
Gigachad,GIGA,50150642
PYTHIA,PYTHIA,50028777
Liquity,LQTY,49936608
Mine Blue,MB,49863639
KGeN,KGEN,49848471
Tokamak Network,TON,49782936
Osaka Protocol,OSAK,49677132
Targon,SN4,49468311
VeraOne,VRO,49379479
Auki,AUKI,49277127
BTU Protocol,BTU,49230493
MiL.k,MLK,49212556
Impossible Cloud Network Token,ICNT,49206690
Cloud,CLOUD,49138829
Mythos,MYTH,48915724
TokenPocket Token,TPT,48816189
Manta Network,MANTA,48782714
Nillion,NIL,48713253
Bless,BLESS,48556406
Ergo,ERG,48551798
YZY,YZY,48478358
Zentry,ZENT,48439128
Venice Token,VVV,48289738
Sai,SAI,48264603
CJournal,CJL,48196251
Atoshi,ATOS,48170815
Mountain Protocol USD,USDM,48169219
Overnight.fi USD+,USD+,48073292
TROLL,TROLL,47917083
Solayer,LAYER,47702215
MindWaveDAO,NILA,47620297
Marinade,MNDE,47614341
HarryPotterObamaSonic10Inu (ETH),BITCOIN,47464746
Hex Trust USD,USDX,47462393
Ontology Gas,ONG,47441140
Gemini Dollar,GUSD,47355720
Across Protocol,ACX,47278948
Moonwell,WELL,46934752
PHALA,PHA,46724288
Sygnum FIUSD Liquidity Fund,FIUSD,46601402
CYBER,CYBER,46600155
BOLD,BOLD,46475746
Goatseus Maximus,GOAT,46339000
Iagon,IAG,46289009
Hyperbeat LST Vault,LSTHYPE,46162831
STBL,STBL,46144527
ChangeNOW,NOW,46105541
Acet,ACT,46077879
Sanctum Infinity,INF,45940820
FLOCK,FLOCK,45885807
Civic,CVC,45855394
Freysa AI,FAI,45841098
Echelon Prime,PRIME,45735290
Lava Network,LAVA,45705287
Noble Dollar (USDN),USDN,45696645
GAL (migrated to Gravity - G),GAL,45559714
Chain-key Bitcoin,CKBTC,45529709
SATS (Ordinals),SATS,45389341
11.11,11.11,45365764
Verasity,VRA,45343524
Bounce,AUCTION,45198605
Bridged Wrapped Bitcoin (StarkGate),WBTC,45133079
Aurora,AURORA,44976501
Cookie DAO,COOKIE,44972678
Avalon,AVL,44815871
StorX,SRX,44808176
Steem,STEEM,44608954
Impossible Finance Launchpad,IDIA,44425599
DORA,DORA,44327619
Marlin,POND,44257388
Steakhouse ETH Morpho Vault,STEAKETH,44067031
UnifAI Network,UAI,43970416
Doodles,DOOD,43744810
Solayer Staked SOL,SSOL,43731285
TOMI,TOMI,43624719
DOVU,DOVU,43584802
Taiko,TAIKO,43558950
Velodrome Finance,VELO,43513304
Limitless,LMTS,43431377
QANplatform,QANX,43405630
Wrapped XRP,WXRP,43362633
Coinbase Wrapped XRP,CBXRP,43317699
Huma Finance,HUMA,43235274
dKargo,DKA,43216022
Gravity (by Galxe),G,43141458
The Grays Currency,PTGC,43067810
Sophon,SOPH,42986542
Arcblock,ABT,42963883
WazirX,WRX,42930508
Stables Labs USDX,USDX,42845687
Animecoin,ANIME,42715917
Shentu,CTK,42701836
Wiki Cat,WKC,42597419
Rootstock Infrastructure Framework,RIF,42450620
Synthetix sUSD,SUSD,42395884
Mira,MIRA,42238462
Bridged Tether (Linea),USDT,42183968
Nomina,NOM,42070913
Law Blocks,LBT,42063942
SPACE ID,ID,42028636
Sonic SVM,SONIC,41956042
Vine,VINE,41736953
Moonwell Flagship USDC (Morpho Vault),MWUSDC,41724989
WAX,WAXP,41721000
Austin Capitals,AUX,41589093
Caldera,ERA,41552584
ORCIB,PALMO,41436176
Yield Basis,YB,41208378
Cobak,CBK,41179128
GameBuild,GAME,41174452
ChainGPT,CGPT,41032365
Binance-Peg DAI,DAI,40981344
VaultBridge Bridged USDC (Katana),VBUSDC,40955989
Treasure,MAGIC,40876034
Gains Network,GNS,40608379
Ekubo Protocol,EKUBO,40524209
Destra Network,DSYNC,40466240
Metal DAO,MTL,40453160
BSquared Network,B2,40383177
Cartesi,CTSI,40182245
Wrapped NXM,WNXM,40179932
Xai,XAI,40157078
Bit2Me,B2M,40154299
StakeStone,STO,40119395
Smooth Love Potion,SLP,39961853
Aegis YUSD,YUSD,39915342
JOE,JOE,39855689
Avalanche Bridged USDC (Avalanche),USDC.E,39718233
GeorgePlaysClashRoyale,CLASH,39706821
TerraClassicUSD,USTC,39253341
Hyperbeat Ultra HYPE,HBHYPE,39225349
Resolv,RESOLV,39183382
Dent,DENT,39053267
BankrCoin,BNKR,38960176
sETH,SETH,38901899
Hylo USD,HYUSD,38859986
SAFEbit,SAFE,38857668
Anyspend,ANY,38773675
Wilder World,WILD,38767860
Nym,NYM,38683063
Hippo Protocol,HP,38617214
SingularityNET,AGIX,38586722
Islamic Coin,ISLM,38552256
Baby Shark Universe,BSU,38394968
Pepecoin,PEP,38377834
Banana Gun,BANANA,38363892
GAME by Virtuals,GAME,38363569
Moonriver,MOVR,38338426
Avalanche Bridged WBTC (Avalanche),WBTC.E,38294433
ao Computer,AO,38287858
Medibloc,MED,38034496
Universal ETH,UNIETH,38022563
BLOCKv,VEE,37982539
Derive,DRV,37958308
Wrapped POL,WPOL,37937275
Looped Hype,LHYPE,37865260
Plume USD,PUSD,37820053
Glidr,GLIDR,37788445
Dogelon Mars,ELON,37755722
Lista USD,LISUSD,37547028
Holoworld,HOLO,37430269
Liquity USD,LUSD,37386161
Electroneum,ETN,37329334
Hydration,HDX,37176415
A Hunters Dream,CAW,37055409
Boundless,ZKC,36859018
Supra,SUPRA,36842910
DevvE,DEVVE,36830867
Bifrost,BFC,36783190
BOTXCOIN,BOTX,36684877
Aria,ARIAIP,36546011
Trevee Plasma USD,PLUSD,36443216
DEAPCOIN,DEP,36385905
Mantle Bridged USDC (Mantle),USDC,36270288
Dymension,DYM,36202575
ResearchCoin,RSC,36189247
Corn,CORN,36188075
QuarkChain,QKC,36152216
BounceBit,BB,36060235
Yield Optimizer ETH,YOETH,35841388
GIGADOT,GDOT,35837980
Black Phoenix,BPX,35789119
Paparazzi Token,PAPARAZZI,35781323
Hive Dollar,HBD,35741286
Hypha Staked AVAX,STAVAX,35659148
Proprietary Trading Network,SN8,35648930
Fractal Bitcoin,FB,35593939
Celo Dollar,CUSD,35548878
Chintai,CHEX,35533061
Savings crvUSD,SCRVUSD,35366917
Bucket Protocol BUCK Stablecoin,BUCK,35245809
Reactive Network,REACT,35241779
Unipoly,UNP,35219229
PinkSale,PINKSALE,35114242
Cross,CROSS,34993820
Moonbeam,GLMR,34988249
Bitcoin on Katana,BTCK,34943715
Standard Bridged USDC.e (Optimism),USDC.E,34897064
Snowbank,SB,34836734
Advertise Coin,ADCO,34825874
WINkLink,WIN,34762068
XT.com,XT,34726564
DarkStar,DARKSTAR,34626904
PunkStrategy,PNKSTR,34540734
Planet IX,IXT,34536884
ZEROBASE,ZBT,34500535
MEDXT,MEDXT,34469116
Tradoor,TRADOOR,34448924
Rujira,RUJI,34431283
ANyONe Protocol,ANYONE,34349820
Cetus Protocol,CETUS,34349146
Renzo,REZ,34308442
Aergo,AERGO,34256588
POL Staked WBERA,SWBERA,34194973
Amiko,AMIKO,34076091
Binance-Peg Avalanche,AVAX,33995248
Hyperlane,HYPER,33954345
Coin98,C98,33939002
Hosky,HOSKY,33918580
Hunt,HUNT,33864448
Global Commercial Business,GCB,33787497
AIntivirus,AINTI,33726458
Sportstensor,SN41,33594437
LOOK,LOOK,33577469
Zerebro,ZEREBRO,33539684
Mango Network,MGO,33440192
Trevee Staked Plasma USD,SPLUSD,33420120
Apertum,APTM,33417455
Solidus Ai Tech,AITECH,33340625
Lorenzo Protocol,BANK,33263582
pippin,PIPPIN,33220020
Tesla xStock,TSLAX,32975021
Autonolas,OLAS,32964040
Dialectic ETH Vault,DETH,32902776
XT Stablecoin XTUSD,XTUSD,32799864
Lorenzo stBTC,STBTC,32723341
Nirvana ANA,ANA,32697805
Gods Unchained,GODS,32516033
Honey,HONEY,32514777
c8ntinuum,CTM,32412175
SynFutures,F,32360797
Victoria VR,VR,32344576
Usual,USUAL,32328115
Pocket Network,POKT,32316564
Adshares,ADS,32313628
Empulser Enterprises,$CPT,32201633
Diverge Loop,DLC,32174117
Ankr Staked ETH,ANKRETH,32174080
Keep Network,KEEP,31986169
Ika,IKA,31918915
Uquid Coin,UQC,31910605
Sceptre Staked FLR,SFLR,31879104
MEET48,IDOL,31867337
BENQI,QI,31817337
Compound USDC,CUSDC,31540425
Radix,XRD,31493272
Defiway,DEFI,31463318
Zeus Network zBTC,ZBTC,31325373
Gradients,SN56,31265532
Alchemix,ALCX,31156384
Kled AI,KLED,31139472
Dacxi,DXI,31131861
Hemi,HEMI,31118014
Huobi,HT,30805544
SSV Network,SSV,30744244
SX Network,SX,30741764
Goldfinch,GFI,30733243
Liqwid Finance,LQ,30676544
Kujira,KUJI,30629900
Celer Network,CELR,30596665
Torch of Liberty,LIBERTY,30249854
Bridged Tether (Rainbow Bridge),USDT.E,30124055
Luckify,LUCK,30091739
Intuition,TRUST,30062660
GXChain,GXC,30030470
BugsCoin,BGSC,29969447
Avail,AVAIL,29944192
Tether Gold Tokens,XAUT0,29907227
Adventure Gold,AGLD,29906069
Metronome Synth ETH,MSETH,29714529
EURA,EURA,29712697
Beets Staked Sonic,STS,29690791
Bertram The Pomeranian,BERT,29686418
Carrot,CRT,29653527
Elastos,ELA,29564428
KernelDAO,KERNEL,29563078
Zircuit,ZRC,29505412
AI Rig Complex,ARC,29469374
Saga,SAGA,29373799
bitcastle Token,BCE,29257902
MetaMask USD,MUSD,29224086
Caliber,CAL50,29135088
StrikeX,STRX,29111203
Wrapped QUIL,QUIL,29018000
τemplar,SN3,29006686
affine,SN120,28965389
SaucerSwap,SAUCE,28897711
Scroll,SCR,28740456
zkSync Bridged USDC (zkSync),USDC,28678229
Pre-SP,PSP,28553332
Artificial Liquid Intelligence,ALI,28429870
Ruby Coin,RUBY,28387932
TruFin Staked APT,TRUAPT,28251701
MARBLEX,MBX,28220397
L2 Standard Bridged USDT (Base),USDT,28167766
Boba Network,BOBA,28151521
Bonk Staked SOL,BONKSOL,28089441
Hegic,HEGIC,28028898
Soneium Bridged USDC (Soneium),USDC.E,28007812
DODO,DODO,27998684
Simon's Cat,CAT,27992686
Wrapped Zedxion,WZEDX,27977984
Yei Finance,CLO,27917534
Uranus,URANUS,27882272
SMARDEX,SDEX,27814598
Surge,SURGE,27739930
infiniFi Locked iUSD (1week),LIUSD,27730702
Wrapped fragSOL,WFRAGSOL,27728091
Capx AI,CAPX,27593068
MAI,MIMATIC,27491269
PepeCoin,PEPECOIN,27468057
DUSK,DUSK,27418019
Predictions,PRDT,27366986
Newton Protocol,NEWT,27365178
Bone ShibaSwap,BONE,27274925
OHO Blockchain,OHO,27154988
HairDAO,HAIR,27070824
Nosana,NOS,26909401
Yield Optimizer USD,YOUSD,26898194
Elephant Money,ELEPHANT,26865319
PONKE,PONKE,26861918
Origin Token,OGN,26719106
Propy,PRO,26676186
stake.link,SDL,26633563
BabyBoomToken,BBT,26607820
Incrypt,INC,26534640
Hashflow,HFT,26348452
Vault Bridge Bridged USDT (Katana),VBUSDT,26329465
Staked Frax USD,SFRXUSD,26282360
Laine Staked SOL,LAINESOL,26232448
Aave USDC (Sonic),ASONUSDC,26195705
Chainflip,FLIP,26189518
Six Sigma,SIX,26157310
Common,COMMON,26151615
Bridged USD Coin (Scroll),USDC,26124936
AVA (Travala),AVA,26025260
Ondo U.S. Dollar Token,USDON,26022397
Hypurr Fun,HFUN,25993820
CAT Terminal,CAT,25815765
CargoX,CXO,25812641
PolySwarm,NCT,25811630
cBAT,CBAT,25780924
PumpMeme,PM,25756624
MovieBloc,MBL,25756183
Foom,FOOM,25725056
MyShell,SHELL,25704776
Wrapped XPL,WXPL,25663493
Apu Apustaja,APU,25661899
SuperRare,RARE,25623377
Dogs,DOGS,25607473
Vanar Chain,VANRY,25576750
OlaXBT,AIO,25573072
Etherlink Bridged USDC (Etherlink),USDC,25549342
OpenServ,SERV,25530373
Infrared BGT,IBGT,25503596
Bitcoin Limited Edition,BTCLE,25440684
OmniBridge Bridged Zcash (Solana),ZEC,25406830
SPDR S&P 500 ETF (Ondo Tokenized ETF),SPYON,25365764
Tree,TREE,25346214
World of Dypians,WOD,25346076
PAAL AI,PAAL,25332257
ROAM Token,ROAM,25244766
Aster Staked USDF,ASUSDF,25155354
dogi,DOGI,25084019
TCY,TCY,25059295
Dolomite,DOLO,25004722
MakerDAO Arbitrum Bridged DAI (Arbitrum One),DAI,24971191
Rei,REI,24935121
Shardus,ULT,24934519
ynBNB MAX,YNBNBX,24904080
My Neighbor Alice,ALICE,24893923
Puffer,PUFFER,24883005
Monerium EUR emoney,EURE,24882751
Marina Protocol,BAY,24880231
ZERA,ZERA,24872287
Stables Labs Staked USDX,SUSDX,24805456
0xy,0XY,24796666
Injective Bridged USDT (Injective),USDT,24697331
Thought,THT,24647583
Gearbox,GEAR,24639003
USUALx,USUALX,24636438
MAP Protocol,MAPO,24627434
Storj,STORJ,24618191
Hey Anon,ANON,24552529
CorgiAI,CORGIAI,24543336
Neutron,NTRN,24541038
Arena-Z,A2Z,24482411
Solv Protocol,SOLV,24408921
Stader,SD,24306550
Syscoin,SYS,24164675
Gyroscope GYD,GYD,24164643
Worthless,WORTHLESS,24160644
Botanix Pegged Bitcoin,PBTC,24108407
Midas XRP,MXRP,24080804
L2 Standard Bridged WETH (Blast),WETH,24020762
Ski Mask Dog,SKI,24006914
Humans.ai,HEART,23961916
Ping,PING,23926729
Quack AI,Q,23912227
MetaArena,TIMI,23798041
EGL1,EGL1,23797394
Ampleforth Governance,FORTH,23773035
PePeonTron,PEPEONTRON,23767569
Gnosis xDai Bridged WETH (Gnosis Chain),WETH,23697405
PIVX,PIVX,23692521
Maverick Protocol,MAV,23527400
Treehouse,TREE,23513092
Ozapay,OZA,23501963
Unity,UTY,23478781
Catizen,CATI,23437895
Metadium,META,23424858
Elixir,ELX,23400456
Oraichain,ORAI,23345664
Stader MaticX,MATICX,23307559
Polyhedra Network,ZKJ,23301776
Build On BNB,BOB,23233362
MORI COIN,MORI,23227003
Everlyn,LYN,23210541
USDu,USDU,23207505
Banana For Scale,BANANAS31,23204261
Bluefin,BLUE,23195452
Access Protocol,ACS,23039389
Particle Network,PARTI,22893902
FUNToken,FUN,22828877
Hylo Leveraged SOL,XSOL,22813474
Aquarius,AQUA,22767971
Unit Fartcoin,UFART,22733483
The Innovation Game,TIG,22722016
Fusionist,ACE,22699373
Loan Protocol,LOAN,22649902
XION,XION,22520123
MetaMUI,MMUI,22493369
WalletConnect Token,WCT,22406568
Hylo Staked SOL,HYLOSOL,22359508
TrueFi,TRU,22359249
NAVI Protocol,NAVX,22301187
Harmony Horizon Bridged USDC (Harmony),1USDC,22253963
OpenKaito,SN5,22226350
Qkacoin,QKA,22149359
sDOLA,SDOLA,22021466
Minswap,MIN,22007730
McDull (Meme),MCDULL,21964790
Phoenix,PHB,21930030
401jK,401JK,21884657
Initia,INIT,21882307
DIAM,DIAM,21866864
Metronome Synth USD,MSUSD,21807824
Just a chill guy,CHILLGUY,21771024
Tribe,TRIBE,21662681
Abelian,ABEL,21659192
Electronic USD,EUSD,21610250
Enso,ENSO,21609145
Mobox,MBOX,21605818
Unit Solana,USOL,21473034
Epic Chain,EPIC,21462396
Nest Basis Vault,NBASIS,21462221
iShares Core S&P 500 ETF (Ondo Tokenized ETF),IVVON,21442611
Staked YUSD,SYUSD,21404218
USDH,USDH,21390410
Camp Network,CAMP,21375403
ArAIstotle,FACY,21360496
Towns,TOWNS,21336082
Bridged Tether (Avalanche),USDTE,21326717
Daydreams,DREAMS,21296026
Invesco QQQ ETF (Ondo Tokenized ETF),QQQON,21260705
OpenEden,EDEN,21223936
Thala APT,THAPT,21197422
Ket,KET,21134531
cDAI,CDAI,21120038
1 Coin Can Change Your Life,1-COIN-CAN-CHANGE-YOUR-LIFE,21084477
MonbaseCoin,MBC,21068778
TARS AI,TAI,21068689
Memetern,MXT,20993184
Score,SN44,20985110
Radworks,RAD,20974054
LUKSO,LYX,20960271
Thales,THALES,20956414
INFINIT,IN,20956134
TruFin Staked NEAR,TRUNEAR,20947069
ynETH MAX,YNETHX,20907825
Klever,KLV,20843852
Redbelly Network,RBNT,20814073
Thena,THE,20735202
Liquid HYPE Yield,LIQUIDHYPE,20663364
Cudos,CUDOS,20634863
AITV,AITV,20525949
tao.bot,TAOBOT,20472574
HOPR,HOPR,20460300
Ninja Squad Token,NST,20451757
AllUnity EUR,EURAU,20416171
Mango,MNGO,20305737
Kofi Aptos,KAPT,20279996
Overtime,OVER,20235929
Luna by Virtuals,LUNA,20224451
NATIX Network,NATIX,20206860
DexTools,DEXT,20197760
AdEx,ADX,20193917
Inverse Finance,INV,20063041
EquitEdge,EEG,20019981
Santos FC Fan Token,SANTOS,19967427
Maya Protocol,CACAO,19935002
Midas mRe7YIELD,MRE7YIELD,19928168
Coinmetro,XCM,19917210
TokenFi,TOKEN,19914104
BNB Attestation Service,BAS,19891425
Everscale,EVER,19889634
Lisk Bridged wstETH (Lisk),WSTETH,19874113
R0AR Token,1R0R,19838091
Gnosis xDAI Bridged USDC (Gnosis),USDC,19835006
Vestra DAO,VSTR,19832962
Cofinex,CNX,19819836
GoPlus Security,GPS,19782569
NFPrompt,NFP,19743025
Helium Mobile,MOBILE,19742428
Lido Staked SOL,STSOL,19739205
DAO Maker,DAO,19714154
Coq Inu,COQ,19675336
PinLink,PIN,19672242
Alpha Quark,AQT,19614183
Mito,MITO,19595271
Manyu,MANYU,19546754
CONX,CONX,19542295
Quantum Compute,SN48,19531737
UXLINK,UXLINK,19531434
ARTDRA Coin,ARTDRA,19476652
Mossland,MOC,19462030
Velvet,VELVET,19453928
Hamster Kombat,HMSTR,19395719
noice,NOICE,19389097
Turtle,TURTLE,19347367
Port3 Network,PORT3,19281475
Bityuan,BTY,19252809
Aria.AI,ARIA,19238855
LimeWire,LMWR,19227917
